img,name,link,engDescription,jpDescription,tags,filterTag,platform,price,category_id
10web.svg,10web,https://10web.io/,WordPress website builder and hosting platform with automated site management.,WordPressは、サイト管理を自動化したウェブサイトビルダーとホスティングプラットフォームです。,"WordPres, Website","NoCode,UI Design,Website",Browser,Freemium,64761102ba22fed734b9de7a
abletonlive.svg,Ableton Live,https://www.ableton.com/live/,"Music production software with unique session and arrangement views for creative music creation.","音楽制作ソフトウェア。フレキシブルで創造的な音楽制作とパフォーマンスを可能にするセッションビューとアレンジメントビューが特徴です。音楽プロデューサー、ミュージシャン、DJに広く使用されているのは、直感的なインターフェースと強力な機能のおかげです。","Music,  Arrangement",Audio,"Windows, Apple",Paid,64761102ba22fed734b9de7a
acoustica.svg,Acoustica,https://www.acoustica.com/,Digital audio workstation software for Windows trusted by professional musicians and enthusiasts,Windows用のデジタルオーディオワークステーション(DAW)ソフトウェアは、プロのミュージシャンや愛好家にとって欠かせないソフトウェアとして知られています。,"Digital, Audio, Workstation",Audio,Windows,Freemium,64761102ba22fed734b9de7a
adalo.svg,Adalo,http://adalo.com/,A no-code platform for building cross-platform apps.,クロスプラットフォームアプリをビルドするためのノーコードプラットフォーム,"SVG, Animation, Illustration, Logo","NoCode,UI Design,App",Browser,Freemium,64761102ba22fed734b9de7a
adobeaudition.svg,Adobe Audition,https://www.adobe.com/products/audition.html,Professional audio editing software,プロ用オーディオ編集ソフトはとても高価です。,"Audio, Editor, Mixer",Audio,"Windows, Apple",Paid,64761102ba22fed734b9de7a
adobeportfolio.svg,Adobe Portfolio,https://portfolio.adobe.com/,"Website builder integrated with Adobe Creative Cloud, perfect for creatives.",Adobe Creative Cloudと統合されたWebサイトビルダーは、クリエイティブな方にぴったりです。,"Website, Biulder","NoCode,UI Design,Website",Browser,Freemium,64761102ba22fed734b9de7a
adobespark.svg,Adobe Spark,https://spark.adobe.com/,Online design tool with image editing and template customization features,オンラインのデザインツールを使用して、画像編集とテンプレートカスタマイズ機能を備えて,"Image, Editor, Template",Image,Browser,Free,64761102ba22fed734b9de7a
affinitydesigner.svg,Affinity Designer,https://affinity.serif.com/en-gb/designer,Vector graphic design software with advanced tools,ベクターグラフィックデザインソフトウェアは、高度なツールを備えています。,Graphic Vector,Illustration,"Apple, Windows",Paid,64761102ba22fed734b9de7a
affinityphoto.svg,Affinity Photo,https://affinity.serif.com/en-gb/photo,Professional photo editing software with non-destructive editing capabilities,専門的な写真編集ソフトウェアは、破壊的編集能力を持つ,Image Editor,Image,"Apple, Windows",Paid,64761102ba22fed734b9de7a
affinitypublisher.svg,Affinity Publisher,https://affinity.serif.com/en-gb/publisher,Desktop publishing software with image editing and layout design features,デスクトップパブリッシングソフトウェアは、画像編集とレイアウト設計機能を備えています。,"Desktop Publishing, Image Editor",Image,"Apple, Windows",Paid,64761102ba22fed734b9de7a
aftereffects.svg,After Effects,https://www.adobe.com/products/aftereffects.html,Industry-standard motion graphics and visual effects software with creative tools.,幅広いクリエイティブツールを備えた業界標準のモーショングラフィックスとビジュアルエフェクトソフトウェア。,"Motion Graphic, Visual Effect","Video, Animation","Apple, Windows",Paid,64761102ba22fed734b9de7a
airtable.svg,Airtable,https://airtable.com/,A platform for creating and managing databases.,データベースの作成と管理のためのプラットフォーム,"Creating, Manager, Databases","NoCode,Productivity",Browser,Freemium,64761102ba22fed734b9de7a
anima.svg,Anima,http://animaapp.com/,A design-to-code platform for web and mobile app development.,Webおよびモバイルアプリ開発のためのデザインからコードへのプラットフォーム,"Creating, Manager, Databases","NoCode,UI Design,App","Apple, Browser",Freemium,64761102ba22fed734b9de7a
appmaster.svg,Appmaster,http://appmaster.io/,A platform for creating mobile apps without coding.,モバイルアプリをコーディングなしで作成するプラットフォーム,"Mobile, App, Code","NoCode,UI Design,App",Browser,Freemium,64761102ba22fed734b9de7a
apprat.svg,Apprat,http://apprat.io/,A platform for building iOS and Android apps without coding.,コーディングなしでiOSおよびAndroidアプリを構築するプラットフォーム。,"Builder, iOS, Android, App","NoCode,UI Design,App","Apple, Browser",Paid,64761102ba22fed734b9de7a
appypie.svg,Appy Pie,https://www.appypie.com/,A no-code platform for building mobile applications.,モバイルアプリケーションを構築するためのコードなしプラットフォーム。,"NoCode,Builder, App","NoCode,App",Browser,Freemium,64761102ba22fed734b9de7a
ardour.svg,Ardour,https://ardour.org/,Free and open-source audio workstation,無料でオープンソースのオーディオワークステーション,"Audio, Editor, Recordor, Mixer",Audio,"Windows, Apple, Linux",Free,64761102ba22fed734b9de7a
aseprite.svg,Aseprite,https://www.aseprite.org/,Pixel art and animation editor for creating retro-style graphics,ピクセルアートとアニメーションエディターを使用してレトロスタイルのグラフィックを作成する,"Pixel Art, Animation, Editor, Graphics","Image, Animation","Apple, Windows, Linux",Paid,64761102ba22fed734b9de7a
audacity.svg,Audacity,https://www.audacityteam.org/,"Free, open-source audio editor",無料、オープンソースのオーディオエディター,"Audio, Editor",Audio,"Windows, Apple, Linux",Free,64761102ba22fed734b9de7a
avidmediacomposer.svg,Avid Media Composer,https://www.avid.com/media-composer,"Professional video editing software used in film and television industry with advanced capabilities.",映画やテレビ業界で広く使われているプロ用ビデオ編集ソフトで、高度な編集機能を提供しています。,"Video Editor, Film, TV",Video,"Apple, Windows",Freemium,64761102ba22fed734b9de7a
birdfont.svg,BirdFont,https://birdfont.org/,A free font editor,無料のフォントエディター,"Font, Editor, Typeface",Font,"Apple, Windows, Linux",Free,64761102ba22fed734b9de7a
bitwigstudio.svg,Bitwig Studio,https://www.bitwig.com/,Music production software,音楽プロダクションソフトウェアは非常に人気があります。," Music,  Editor",Audio,"Windows, Apple, Linux",Paid,64761102ba22fed734b9de7a
biyo.svg,Biyo,http://biyo.com/,A tool for creating and managing biometric data.,生物特徴データを作成し管理するツール,"Biometric, Data, Manager, Creation","NoCode,Productivity ","Apple, Browser",Free,64761102ba22fed734b9de7a
blender.svg,Blender,https://www.blender.org/,"Free and open-source 3D creation suite with video editing and comprehensive tools.",フリーでオープンソースの3D作成スイートで、ビデオ編集機能を備えたツールを提供しています。,"3D, Creation, Suite","Video, Animation","Apple, Windows, Linux",Free,64761102ba22fed734b9de7a
blocs.svg,Blocs,https://blocsapp.com/,Website builder for Apple with simple and intuitive interface for site creation.,アップルのウェブサイトビルダーは、サイト作成のための簡単で直感的なインターフェースを提供しています。,"Website, Simple, Intuitive","NoCode,UI Design,Website",Apple,Paid,64761102ba22fed734b9de7a
bravostudio.svg,Bravo Studio,https://www.bravostudio.app/,A no-code platform for building mobile applications.,モバイルアプリケーションを構築するためのノーコードプラットフォーム,"NoCode, Mobile, App","NoCode,App","Apple, Browser",Freemium,64761102ba22fed734b9de7a
bubble.svg,Bubble,https://bubble.io/,A no-code platform for building web and mobile applications.,ウェブやモバイルアプリを構築するためのコードなしプラットフォーム,"NoCode, Web, Mobile, App","NoCode,App,Website",Browser,Freemium,64761102ba22fed734b9de7a
build.one.svg,Build.one,https://www.build.one/,A no-code platform for building web and mobile apps.,ウェブとモバイルアプリを構築するためのノーコードプラットフォーム,"NoCode, Web, Mobile","NoCode,UI Design,App,Website",Browser,Freemium,64761102ba22fed734b9de7a
builderx.svg,Builderx,https://builderx.io/,Design tool for creating and prototyping designs for various devices.,ユーザーがさまざまなデバイスの設計とプロトタイプを作成することを可能にするデザインツール。,"Prototype, Devices","NoCode,UI Design,Animation","Browser, Apple, Windows",Freemium,64761102ba22fed734b9de7a
cakewalk.svg,Cakewalk,https://www.bandlab.com/products/cakewalk,Free digital audio workstation,フリーのデジタルオーディオワークステーション,"Music,  Audio",Audio,Windows,Free,64761102ba22fed734b9de7a
calligraphr.svg,Calligraphr,www.calligraphr.com,Online tool to create custom handwriting fonts,オンラインツールを使用して、独自の手書きフォントを作成します。,"Font, Handwriting, Customization",Font,Windows,Freemium,64761102ba22fed734b9de7a
camtasia.svg,Camtasia,https://www.techsmith.com/video-editor.html,"Screen recording and video editing software for tutorials, presentations, and educational content.",教育的なコンテンツ、プレゼンテーション、チュートリアルを作成するのに適した画面録画およびビデオ編集ソフトウェア,"Screen , Video Editor, Presentations",Video,"Apple, Windows",Paid,64761102ba22fed734b9de7a
capturenx-d.svg,Capture NX-D,https://www.nikonusa.com/en/learn-and-explore/a/tips-and-techniques/nikon-capture-nx-d-software.html,Nikon's official software for editing and processing RAW images,Nikon の RAW 画像を編集・加工するための公式ソフトウェア,"Editor, Processing, RAW images",Image,"Apple, Windows",Free,64761102ba22fed734b9de7a
captureone.svg,Capture One,https://www.captureone.com/,Professional photo editing software with powerful tethered shooting capabilities,プロの写真編集ソフトウェアは、強力なテザーリング撮影機能を備えています。,"Image Editor, Tethered Shooting, Capabilities",Image,"Apple, Windows",Paid,64761102ba22fed734b9de7a
carrd.svg,Carrd,https://carrd.co/,"A simple, free platform for building one-page websites.",簡単で無料のプラットフォームを使用して1ページのウェブサイトを構築します。,"One-page, Website","NoCode,UI Design,Website",Browser,Freemium,64761102ba22fed734b9de7a
cinepaint.svg,CinePaint,http://cinepaint.org/,Free Open Source HDR Paint and Stop-Motion Animation,無料のオープンソースHDRペイントとストップモーションアニメーションソフトウェア,"HDR, Paint, Animation","Color, Animation","Windows,Apple,Linux",Free,64761102ba22fed734b9de7a
clickup.svg,ClickUp,https://clickup.com/,A platform for managing projects and workflows.,プロジェクトとワークフローを管理するためのプラットフォーム,"Manager,Workflows","NoCode,Productivity",Browser,Freemium,64761102ba22fed734b9de7a
coda.svg,Coda,https://coda.io/,"A platform for creating documents that can also contain interactive elements like tables, buttons, and forms.",ドキュメント作成プラットフォームでは、テーブルやボタン、フォームなどのインタラクティブな要素を含めることもできます。,"Doc, Interactive, Table, Button, Forms","NoCode,Productivity",Browser,Freemium,64761102ba22fed734b9de7a
colorcontrastanalyser.svg,Color Contrast Analyser,https://www.paciellogroup.com/resources/contrastanalyser,Check color contrast ratios.,色彩コントラスト比をチェックしてください。,"Color, Contrast, Ratios",Color,"Apple,Browser",Free,64761102ba22fed734b9de7a
colorcop.svg,Color Cop,http://www.colorcop.net/,Advanced color picker and color scheme generator.,色のピッカーと色のスキームを生成する高度なツール。,"Color picker, Colorcheme, Generator",Color,Windows,Free,64761102ba22fed734b9de7a
colornames.svg,Color Names,https://colornames.org/,Database of color names and their hexadecimal codes,データベースの色の名前とそれらの16進コード,"Database, Color, Name, Hexadecimal, Codes",Color,"Apple,Windows",Free,64761102ba22fed734b9de7a
colorschemer.svg,Color Schemer,https://www.colorschemer.com/,Create and manage color schemes.,カラースキームを作成し管理する。,"Color, Scheme, Manage",Color,"Apple,Windows",Paid,64761102ba22fed734b9de7a
colorslurp.svg,Color Slurp ,https://colorslurp.com/,"Color picker, organizer, and manager for Apple",AppleのmacOSオペレーティングシステムのためのカラーピッカー、オーガナイザー、およびマネージャー,"Color Picker, Organizer, Manager",Color,Apple,Free,64761102ba22fed734b9de7a
colorsnapper.svg,Color Snapper,https://colorsnapper.com/,Advanced color picker for AppleOS,アップルOS用のアドバンスドカラーピッカー,"Color, Picker",Color,Apple,Paid,64761102ba22fed734b9de7a
colorwell.svg,ColorWell,https://colorwell.sweetpproductions.com/,Access color palettes from the menu bar.,メニューバーからカラーパレットをアクセスしてください。,"Menu Bar, Color Palettes",Color,Apple,Paid,64761102ba22fed734b9de7a
crica.svg,Crica,https://crica.co/,"Website builder designed for creative professionals, offering customizable designs.",ウェブサイトビルダーはクリエイティブプロフェッショナルのために設計され、カスタマイズ可能なデザインを提供しています。,"Website builder,Customizables","NoCode,UI Design,Website",Browser,Freemium,64761102ba22fed734b9de7a
cubase.svg,Cubase,https://new.steinberg.net/cubase/,Music production software,インターネット上で無料で音楽制作ソフトウェアが利用できます。,"Music,  Editor",Audio,"Windows, Apple",Paid,64761102ba22fed734b9de7a
davinciresolve.svg,Davinci Resolve,https://www.blackmagicdesign.com/products/davinciresolve/,Video editing software with advanced color correction and audio editing capabilities.,高度なカラーコレクションとオーディオ編集機能を備えた機能豊富なビデオ編集ソフトウェア,"Video, Color, Audio, Editor","Video, Audio","Apple, Windows",Freemium,64761102ba22fed734b9de7a
dhiwise.svg,Dhiwise,dhiwise.com,A no-code platform for building data-driven web applications.,データ駆動型のWebアプリケーションを構築するための、コードを書かないプラットフォーム。,"NoCode, Data-Driven, Web App","NoCode,App",Browser,Freemium,64761102ba22fed734b9de7a
directual.svg,Directual,https://www.directual.com/,No-code platform for creating websites and web apps without coding.,コードを書くことなく、ウェブサイトやウェブアプリを作成できるプラットフォーム。,"NoCode, Website, Web App, Code","NoCode,UI Design,Website",Browser,Freemium,64761102ba22fed734b9de7a
dishapages.svg,Disha Pages,https://getdisha.co/pages/,Website builder with easy-to-use tools for website creation.,簡単に使用できるツールを提供するウェブサイト作成を重点としたウェブサイトビルダー。,Website,"NoCode,UI Design,Website",Browser,Freemium,64761102ba22fed734b9de7a
dorik.svg,Dorik,https://dorik.com/,"Website builder focused on speed and simplicity, enabling quick site creation.",速度と簡単さを重視したウェブサイトビルダーで、素早いサイト作成を可能にします。,"Website, Speed, Simplicity, Site","NoCode,UI Design,Website",Browser,Freemium,64761102ba22fed734b9de7a
draftbit.svg,Draftbit,draftbit.com,A no-code platform for building mobile apps.,モバイルアプリを構築するためのコードなしプラットフォーム。,"NoCode, Mobile, App","NoCode,UI Design,App",Browser,Freemium,64761102ba22fed734b9de7a
drift.svg,Drift,https://www.drift.com/,A platform for conversational marketing and sales.,会話型マーケティングとセールスのためのプラットフォーム,"Conversational, Marketing","NoCode,UX Design,Productivity",Browser,Paid,64761102ba22fed734b9de7a
dronahq.svg,DronaHQ,https://dronahq.com/,A no-code platform for building web and mobile applications.,コードなしでウェブやモバイルアプリを構築するプラットフォーム,"NoCode, Web, Mobile, App","NoCode,App,Website",Browser,Paid,64761102ba22fed734b9de7a
dxofilmpack.svg,DxO FilmPack,https://www.dxo.com/dxo-filmpack,Software for applying film simulations and analog effects to digital photos,ソフトウェアはデジタル写真にフィルムシミュレーションとアナログ効果を適用するために使用されます。,"Film, Simulation, Analog, Effects","Image,Video","Apple, Windows",Paid,64761102ba22fed734b9de7a
dxophotolab.svg,DxO PhotoLab,https://www.dxo.com/dxo-photolab,Advanced photo editing software with powerful correction and enhancement tools,高度な写真編集ソフトウェアは、強力な補正と強化ツールを備えています。,"Image Editor, Correction",Image,"Apple, Windows",Paid,64761102ba22fed734b9de7a
dxoviewpoint.svg,DxO ViewPoint,https://www.dxo.com/dxo-viewpoint,Software for correcting perspective and distortion in photos,写真の歪みや視点を補正するソフトウェア,"Perspective, Distortion, Images",Image,"Apple, Windows",Paid,64761102ba22fed734b9de7a
dynaboard.svg,Dynaboard,dynaboard.com,A platform for visualizing and sharing data from spreadsheets.,スプレッドシートからのデータの可視化と共有のためのプラットフォーム,"Visualization, Data, Spreadsheet","NoCode,Productivity",Browser,Freemium,64761102ba22fed734b9de7a
figma.svg,Figma,https://www.figma.com/,Web-based vector graphics editor and design collaboration tool,Webベクターグラフィックスエディターとデザイン共同ツール,"Web, Vector, Graphic, Editor","UI Design,UX Design",Browser,Freemium,64761102ba22fed734b9de7a
figside.svg,Figside,figside.com,A platform for designing and managing web interfaces.,ウェブインターフェースの設計と管理のためのプラットフォーム,"Manager, Web, Interfaces","NoCode,UI Design",Browser,Freemium,64761102ba22fed734b9de7a
filmora.svg,Filmora,https://filmora.wondershare.com/,Beginner-friendly video editing software with intuitive interface and creative effects.,簡単に使えるインターフェースと幅広いクリエイティブな効果を備えたビデオ編集ソフトウェア,"Video Edito, Effects",Video,"Apple, Windows",Paid,64761102ba22fed734b9de7a
finalcutpro.svg,Final Cut Pro,https://www.apple.com/final-cut-pro/,Professional video editing software for Apple with advanced editing and color grading tools.,Appleのプロ用ビデオ編集ソフトウェアで、高度な編集とカラーグレーディングツールを備えています。,"Video Editor, Color Grading",Video,Apple,Paid,64761102ba22fed734b9de7a
flstudio.svg,FL Studio,https://www.image-line.com/,Music production software with lifetime free updates and comprehensive audio editing tools.,音楽制作ソフトウェアは、生涯無料アップデートと包括的なオーディオ編集ツールを提供しています。,"Music, Audio, Editor",Audio,"Windows, Apple",Paid,64761102ba22fed734b9de7a
flutterflow.svg,FlutterFlow,https://flutterflow.io/,A no-code platform for building Flutter applications.,Flutterアプリケーションを構築するためのコードなしプラットフォーム。,"NoCode, Flutter, App","NoCode,UI Design,App",Browser,Freemium,64761102ba22fed734b9de7a
fontforge.svg,FontForge,https://fontforge.org/,Free font editor for creating and editing fonts,フォントを作成・編集するための無料フォントエディター,"Font, Editor, Creation",Font,"Apple, Windows, Linux",Free,64761102ba22fed734b9de7a
fontlab.svg,FontLab,https://www.fontlab.com/,Professional font editor for creating and editing fonts,フォントを作成・編集するためのプロ用フォントエディター,"Font, Editor, Professional",Font,"Apple, Windows",Paid,64761102ba22fed734b9de7a
framer.svg,Framer,https://www.framer.com/,Interactive design tool for creating prototypes and animations with advanced features.,高度な機能を備えたプロトタイプとアニメーションを作成するためのインタラクティブデザインツール。,"Interactive, Prototype, Animation","UI Design,UX Design,Animation",Browser,Freemium,64761102ba22fed734b9de7a
garageband.svg,GarageBand,https://www.apple.com/mac/garageband/,Music creation software for Apple with virtual instruments and recording capabilities.,Appleの音楽制作ソフトウェアで、バーチャル楽器と録音機能を備えています。,"Music, Virtual Instruments, Recording",Audio,Apple,Free,64761102ba22fed734b9de7a
gimp.svg,GIMP,https://www.gimp.org/,Free and open-source image editor,無料でオープンソースの画像エディター,"Image, Editor",Image,"Apple, Windows, Linux",Free,64761102ba22fed734b9de7a
glide.svg,Glide,https://www.glideapps.com/,A no-code platform for building mobile apps from spreadsheets.,スプレッドシートからモバイルアプリを構築するためのコードなしプラットフォーム。,"NoCode, Mobile, App, Spreadsheet","NoCode,UI Design,App",Browser,Freemium,64761102ba22fed734b9de7a
glitch.svg,Glitch,https://glitch.com/,A platform for building and hosting web applications.,ウェブアプリケーションの構築とホスティングのためのプラットフォーム,"Building, Hosting, Web App","NoCode,App,Website",Browser,Free,64761102ba22fed734b9de7a
godaddy.svg,GoDaddy,https://www.godaddy.com/,Website builder and domain registration service with hosting solutions.,ホスティングソリューションを備えたウェブサイトビルダーとドメイン登録サービス。,"Website, Domain, Hosting","NoCode,UI Design,Website",Browser,Freemium,64761102ba22fed734b9de7a
goldwave.svg,GoldWave,https://www.goldwave.com/,Audio editing software with comprehensive features for sound processing and analysis.,音声処理と分析のための包括的な機能を備えたオーディオ編集ソフトウェア。,"Audio, Editor, Sound Processing",Audio,Windows,Paid,64761102ba22fed734b9de7a
gravit.svg,Gravit Designer,https://www.designer.io/,Vector design software for creating illustrations and graphics,イラストやグラフィックを作成するためのベクターデザインソフトウェア,"Vector, Design, Illustration",Illustration,"Apple, Windows, Linux, Browser",Freemium,64761102ba22fed734b9de7a
gumroad.svg,Gumroad,https://gumroad.com/,A platform for selling digital products and managing online sales.,デジタル製品の販売とオンライン販売の管理のためのプラットフォーム,"Selling, Digital, Online","NoCode,Productivity",Browser,Freemium,64761102ba22fed734b9de7a
hocoos.svg,Hocoos,https://hocoos.com/,AI-powered website builder for creating professional websites quickly.,プロフェッショナルなウェブサイトを素早く作成するためのAI搭載ウェブサイトビルダー。,"AI, Website, Professional","NoCode,UI Design,Website,AI",Browser,Freemium,64761102ba22fed734b9de7a
honeycode.svg,Honeycode,https://www.honeycode.aws/,A no-code platform by AWS for building web and mobile applications.,AWSによるウェブやモバイルアプリを構築するためのコードなしプラットフォーム。,"NoCode, AWS, Web, Mobile","NoCode,App,Website",Browser,Freemium,64761102ba22fed734b9de7a
ilovepdf.svg,I Love PDF,https://www.ilovepdf.com/,Online PDF tools for editing and managing PDF documents.,PDF文書の編集と管理のためのオンラインPDFツール。,"PDF, Editor, Manager","Productivity,Others",Browser,Freemium,64761102ba22fed734b9de7a
illustrator.svg,Illustrator,https://www.adobe.com/products/illustrator.html,Vector graphics editor for creating illustrations and designs,イラストやデザインを作成するためのベクターグラフィックスエディター,"Vector, Graphics, Editor",Illustration,"Apple, Windows",Paid,64761102ba22fed734b9de7a
inkscape.svg,Inkscape,https://inkscape.org/,Free and open-source vector graphics editor,無料でオープンソースのベクターグラフィックスエディター,"Vector, Graphics, Editor",Illustration,"Apple, Windows, Linux",Free,64761102ba22fed734b9de7a
inshot.svg,InShot,https://inshot.com/,Mobile video editing app with easy-to-use features for social media content.,ソーシャルメディアコンテンツのための使いやすい機能を備えたモバイルビデオ編集アプリ。,"Mobile, Video, Editor, Social Media","Video,App","Apple, Android",Freemium,64761102ba22fed734b9de7a
invision.svg,InVision,https://www.invisionapp.com/,Digital product design platform for prototyping and collaboration.,プロトタイピングとコラボレーションのためのデジタル製品デザインプラットフォーム。,"Digital, Prototype, Collaboration","UI Design,UX Design",Browser,Freemium,64761102ba22fed734b9de7a
ixd.svg,IxD,https://ixd.protoplus.com/,A platform for interaction design and prototyping.,インタラクションデザインとプロトタイピングのためのプラットフォーム,"Interaction, Design, Prototype","NoCode,UI Design,UX Design",Browser,Freemium,64761102ba22fed734b9de7a
jetboost.svg,Jetboost,https://jetboost.io/,A platform for adding advanced functionality to Webflow sites.,Webflowサイトに高度な機能を追加するためのプラットフォーム,"Advanced, Functionality, Webflow","NoCode,UI Design,Website",Browser,Paid,64761102ba22fed734b9de7a
jimdo.svg,Jimdo,https://www.jimdo.com/,Website builder with AI-powered design assistance and e-commerce features.,AI搭載のデザインアシスタンスとeコマース機能を備えたウェブサイトビルダー。,"Website, AI, E-commerce","NoCode,UI Design,Website",Browser,Freemium,64761102ba22fed734b9de7a
jotform.svg,JotForm,https://www.jotform.com/,A platform for creating online forms and surveys.,オンラインフォームとアンケートを作成するためのプラットフォーム,"Online, Forms, Surveys","NoCode,Productivity",Browser,Freemium,64761102ba22fed734b9de7a
justinmind.svg,Justinmind,https://www.justinmind.com/,Prototyping tool for web and mobile app design with interactive features.,インタラクティブ機能を備えたウェブやモバイルアプリデザインのためのプロトタイピングツール。,"Prototype, Web, Mobile, Interactive","UI Design,UX Design",Browser,Freemium,64761102ba22fed734b9de7a
krita.svg,Krita,https://krita.org/,Free and open-source digital painting software,無料でオープンソースのデジタルペインティングソフトウェア,"Digital, Painting, Software",Illustration,"Apple, Windows, Linux",Free,64761102ba22fed734b9de7a
landbot.svg,Landbot,https://landbot.io/,A platform for creating conversational chatbots and landing pages.,会話型チャットボットとランディングページを作成するためのプラットフォーム,"Conversational, Chatbot, Landing","NoCode,UX Design,Website",Browser,Freemium,64761102ba22fed734b9de7a
lightroom.svg,Lightroom,https://www.adobe.com/products/photoshop-lightroom.html,Photo editing and organization software with cloud synchronization.,クラウド同期機能を備えた写真編集と整理ソフトウェア。,"Photo, Editor, Organization, Cloud",Image,"Apple, Windows",Paid,64761102ba22fed734b9de7a
loom.svg,Loom,https://www.loom.com/,Screen recording and video messaging platform for communication and collaboration.,コミュニケーションとコラボレーションのための画面録画とビデオメッセージングプラットフォーム。,"Screen Recording, Video, Communication","Video,Productivity",Browser,Freemium,64761102ba22fed734b9de7a
luminar.svg,Luminar,https://skylum.com/luminar,AI-powered photo editing software with advanced enhancement features.,高度な強化機能を備えたAI搭載の写真編集ソフトウェア。,"AI, Photo, Editor, Enhancement","AI,Image","Apple, Windows",Paid,64761102ba22fed734b9de7a
lunacy.svg,Lunacy,https://icons8.com/lunacy,"Free design software with built-in graphics and AI tools to streamline workflow.",無料のデザインソフトウェアには、グラフィックスやAIツールを組み込んで、ワークフローをスタートアップするのに役立つ機能が搭載されています。ソフトウェアには、オートレイアウト、Figmaインポートなど、生産性を高めるツールが含まれています。,"Graphic, AI , Workflow","AI,Image,Illustration","Apple, Windows, Browser",Free,64761102ba22fed734b9de7a
mailchimp.svg,Mailchimp,https://mailchimp.com/,Email marketing platform with automation and analytics features.,自動化と分析機能を備えたメールマーケティングプラットフォーム。,"Email, Marketing, Automation","NoCode,Productivity",Browser,Freemium,64761102ba22fed734b9de7a
marvel.svg,Marvel,https://marvelapp.com/,Design and prototyping platform for creating interactive mockups and wireframes.,インタラクティブなモックアップとワイヤーフレームを作成するためのデザインとプロトタイピングプラットフォーム。,"Design, Prototype, Mockup, Wireframe","UI Design,UX Design",Browser,Freemium,64761102ba22fed734b9de7a
memberstack.svg,Memberstack,https://www.memberstack.com/,A platform for adding membership and user authentication to websites.,ウェブサイトにメンバーシップとユーザー認証を追加するためのプラットフォーム,"Membership, Authentication, Website","NoCode,UI Design,Website",Browser,Paid,64761102ba22fed734b9de7a
mendix.svg,Mendix,https://www.mendix.com/,Low-code platform for building enterprise applications with visual development tools.,ビジュアル開発ツールを備えたエンタープライズアプリケーションを構築するためのローコードプラットフォーム。,"Low-code, Enterprise, Visual","NoCode,App",Browser,Paid,64761102ba22fed734b9de7a
miro.svg,Miro,https://miro.com/,Online collaborative whiteboard platform for brainstorming and project planning.,ブレインストーミングとプロジェクト計画のためのオンライン共同ホワイトボードプラットフォーム。,"Collaborative, Whiteboard, Brainstorming","UX Design,Productivity",Browser,Freemium,64761102ba22fed734b9de7a
mixamo.svg,Mixamo,https://www.mixamo.com/,3D character animation service with rigging and motion capture capabilities.,リギングとモーションキャプチャ機能を備えた3Dキャラクターアニメーションサービス。,"3D, Character, Animation, Rigging","Animation,Others",Browser,Free,64761102ba22fed734b9de7a
monday.svg,Monday,https://monday.com/,Work management platform for team collaboration and project tracking.,チームコラボレーションとプロジェクト追跡のための作業管理プラットフォーム。,"Work Management, Team, Collaboration","NoCode,Productivity",Browser,Paid,64761102ba22fed734b9de7a
moqups.svg,Moqups,https://moqups.com/,Design and prototyping tool for creating wireframes and mockups.,ワイヤーフレームとモックアップを作成するためのデザインとプロトタイピングツール。,"Design, Prototype, Wireframe, Mockup","UI Design,UX Design",Browser,Freemium,64761102ba22fed734b9de7a
muse.svg,Muse,https://www.adobe.com/products/muse.html,Website design software for creating responsive websites without coding.,コーディングなしでレスポンシブウェブサイトを作成するためのウェブサイトデザインソフトウェア。,"Website, Design, Responsive","NoCode,UI Design,Website","Apple, Windows",Paid,64761102ba22fed734b9de7a
musicmaker.svg,Music Maker,https://www.magix.com/us/music/music-maker/,Music production software with loops and virtual instruments for beginners.,初心者向けのループとバーチャル楽器を備えた音楽制作ソフトウェア。,"Music, Production, Loops, Virtual",Audio,Windows,Freemium,64761102ba22fed734b9de7a
nativescript.svg,NativeScript,https://nativescript.org/,Framework for building native mobile apps using JavaScript and TypeScript.,JavaScriptとTypeScriptを使用してネイティブモバイルアプリを構築するためのフレームワーク。,"Native, Mobile, JavaScript, TypeScript","NoCode,UI Design,App","Apple, Windows, Linux",Free,64761102ba22fed734b9de7a
netlify.svg,Netlify,https://www.netlify.com/,Platform for deploying and hosting modern web applications with continuous deployment.,継続的デプロイメントを備えた現代的なウェブアプリケーションのデプロイとホスティングのためのプラットフォーム。,"Deploy, Hosting, Web, Continuous","NoCode,Website",Browser,Freemium,64761102ba22fed734b9de7a
ninox.svg,Ninox,https://ninox.com/,Database platform for creating custom business applications.,カスタムビジネスアプリケーションを作成するためのデータベースプラットフォーム,"Database, Custom, Business","NoCode,Productivity",Browser,Paid,64761102ba22fed734b9de7a
notion.svg,Notion,https://www.notion.so/,All-in-one workspace for notes, tasks, databases, and collaboration.,ノート、タスク、データベース、コラボレーションのためのオールインワンワークスペース。,"All-in-one, Workspace, Notes, Tasks","NoCode,Productivity",Browser,Freemium,64761102ba22fed734b9de7a
nuke.svg,Nuke,https://www.foundry.com/products/nuke,Professional compositing software for visual effects and post-production.,ビジュアルエフェクトとポストプロダクションのためのプロ用コンポジットソフトウェア。,"Compositing, Visual Effects","Video,Animation","Apple, Windows, Linux",Paid,64761102ba22fed734b9de7a
obs.svg,OBS Studio,https://obsproject.com/,Free and open-source software for video recording and live streaming.,ビデオ録画とライブストリーミングのための無料でオープンソースのソフトウェア。,"Video, Recording, Live Streaming","Video,Others","Apple, Windows, Linux",Free,64761102ba22fed734b9de7a
ocenaudio.svg,Ocenaudio,https://www.ocenaudio.com/,Cross-platform audio editor with real-time preview and effects.,リアルタイムプレビューとエフェクトを備えたクロスプラットフォームオーディオエディター。,"Audio, Editor, Real-time, Effects",Audio,"Apple, Windows, Linux",Free,64761102ba22fed734b9de7a
openshot.svg,OpenShot,https://www.openshot.org/,Free and open-source video editor with simple interface and powerful features.,シンプルなインターフェースと強力な機能を備えた無料でオープンソースのビデオエディター。,"Video, Editor, Simple, Powerful","Video,Others","Apple, Windows, Linux",Free,64761102ba22fed734b9de7a
outsystems.svg,OutSystems,https://www.outsystems.com/,Low-code platform for building enterprise applications with visual development.,ビジュアル開発を備えたエンタープライズアプリケーションを構築するためのローコードプラットフォーム。,"Low-code, Enterprise, Visual","NoCode,App",Browser,Paid,64761102ba22fed734b9de7a
paintnet.svg,Paint.NET,https://www.getpaint.net/,Free image and photo editing software for Windows with layers and effects.,レイヤーとエフェクトを備えたWindows用の無料画像・写真編集ソフトウェア。,"Image, Photo, Editor, Layers",Image,Windows,Free,64761102ba22fed734b9de7a
paintshoppro.svg,PaintShop Pro,https://www.paintshoppro.com/,Photo editing software with advanced tools for image manipulation and design.,画像操作とデザインのための高度なツールを備えた写真編集ソフトウェア。,"Photo, Editor, Image, Manipulation",Image,Windows,Paid,64761102ba22fed734b9de7a
pencil2d.svg,Pencil2D,https://www.pencil2d.org/,Free and open-source 2D animation software for traditional hand-drawn animation.,従来の手描きアニメーションのための無料でオープンソースの2Dアニメーションソフトウェア。,"2D, Animation, Hand-drawn","Animation,Others","Apple, Windows, Linux",Free,64761102ba22fed734b9de7a
photopea.svg,Photopea,https://www.photopea.com/,Free online photo editor that supports PSD files and advanced editing features.,PSDファイルと高度な編集機能をサポートする無料のオンライン写真エディター。,"Photo, Editor, PSD, Online",Image,Browser,Free,64761102ba22fed734b9de7a
photoshop.svg,Photoshop,https://www.adobe.com/products/photoshop.html,Industry-standard image editing software with comprehensive tools and features.,包括的なツールと機能を備えた業界標準の画像編集ソフトウェア。,"Image, Editor, Industry-standard",Image,"Apple, Windows",Paid,64761102ba22fed734b9de7a
pixelmator.svg,Pixelmator,https://www.pixelmator.com/,Image editing software for Apple with professional tools and intuitive interface.,プロフェッショナルツールと直感的なインターフェースを備えたApple用画像編集ソフトウェア。,"Image, Editor, Professional, Intuitive",Image,Apple,Paid,64761102ba22fed734b9de7a
pocketbase.svg,PocketBase,https://pocketbase.io/,Open-source backend as a service with real-time database and authentication.,リアルタイムデータベースと認証を備えたオープンソースのバックエンドサービス。,"Backend, Database, Authentication","NoCode,App",Browser,Free,64761102ba22fed734b9de7a
premiere.svg,Premiere Pro,https://www.adobe.com/products/premiere.html,Professional video editing software with advanced features for film and video production.,映画とビデオ制作のための高度な機能を備えたプロ用ビデオ編集ソフトウェア。,"Video, Editor, Professional, Film","Video,Animation","Apple, Windows",Paid,64761102ba22fed734b9de7a
procreate.svg,Procreate,https://procreate.art/,Digital illustration app for iPad with natural drawing tools and creative features.,自然な描画ツールとクリエイティブ機能を備えたiPad用デジタルイラストアプリ。,"Digital, Illustration, iPad, Drawing","Illustration,App",Apple,Paid,64761102ba22fed734b9de7a
protopie.svg,ProtoPie,https://www.protopie.io/,Advanced prototyping tool for creating interactive and realistic prototypes.,インタラクティブでリアルなプロトタイプを作成するための高度なプロトタイピングツール。,"Prototype, Interactive, Realistic","UI Design,UX Design","Apple, Windows",Paid,64761102ba22fed734b9de7a
quickbase.svg,QuickBase,https://www.quickbase.com/,Low-code platform for building custom business applications and workflows.,カスタムビジネスアプリケーションとワークフローを構築するためのローコードプラットフォーム。,"Low-code, Business, Custom, Workflow","NoCode,Productivity",Browser,Paid,64761102ba22fed734b9de7a
rawtherapee.svg,RawTherapee,https://rawtherapee.com/,Free RAW image processing software with advanced color correction and enhancement tools.,高度なカラーコレクションと強化ツールを備えた無料のRAW画像処理ソフトウェア。,"RAW, Image, Processing, Color",Image,"Apple, Windows, Linux",Free,64761102ba22fed734b9de7a
reaper.svg,REAPER,https://www.reaper.fm/,Digital audio workstation with flexible licensing and comprehensive recording features.,柔軟なライセンスと包括的な録音機能を備えたデジタルオーディオワークステーション。,"Audio, Workstation, Recording","Audio,Others","Apple, Windows, Linux",Paid,64761102ba22fed734b9de7a
retool.svg,Retool,https://retool.com/,Platform for building internal tools and admin panels with drag-and-drop interface.,ドラッグアンドドロップインターフェースを備えた内部ツールと管理パネルを構築するためのプラットフォーム。,"Internal Tools, Admin, Drag-and-drop","NoCode,Productivity",Browser,Paid,64761102ba22fed734b9de7a
rive.svg,Rive,https://rive.app/,Real-time interactive design tool for creating animations and interactive graphics.,アニメーションとインタラクティブグラフィックスを作成するためのリアルタイムインタラクティブデザインツール。,"Real-time, Interactive, Animation","Animation,UI Design",Browser,Freemium,64761102ba22fed734b9de7a
salesforce.svg,Salesforce,https://www.salesforce.com/,Customer relationship management platform with cloud-based solutions.,クラウドベースのソリューションを備えた顧客関係管理プラットフォーム。,"CRM, Customer, Cloud-based","NoCode,Productivity",Browser,Paid,64761102ba22fed734b9de7a
seashore.svg,Seashore,https://sourceforge.net/projects/seashore/,Image editing software for Apple based on GIMP with simplified interface.,簡素化されたインターフェースを備えたGIMPベースのApple用画像編集ソフトウェア。,"Image, Editor, GIMP, Simplified",Image,Apple,Free,64761102ba22fed734b9de7a
shopify.svg,Shopify,https://www.shopify.com/,E-commerce platform for building and managing online stores with payment processing.,支払い処理を備えたオンラインストアの構築と管理のためのeコマースプラットフォーム。,"E-commerce, Online Store, Payment","NoCode,UI Design,Website",Browser,Paid,64761102ba22fed734b9de7a
shotcut.svg,Shotcut,https://shotcut.org/,Free and open-source video editor with wide format support and advanced features.,幅広いフォーマットサポートと高度な機能を備えた無料でオープンソースのビデオエディター。,"Video, Editor, Format, Advanced","Video,Others","Apple, Windows, Linux",Free,64761102ba22fed734b9de7a
sketch.svg,Sketch,https://www.sketch.com/,Vector graphics editor for digital design with symbols and collaborative features.,シンボルとコラボレーション機能を備えたデジタルデザイン用ベクターグラフィックスエディター。,"Vector, Graphics, Digital, Collaborative","UI Design,UX Design",Apple,Paid,64761102ba22fed734b9de7a
sketchbook.svg,SketchBook,https://www.sketchbook.com/,Digital art and drawing software with natural drawing tools and customizable brushes.,自然な描画ツールとカスタマイズ可能なブラシを備えたデジタルアートと描画ソフトウェア。,"Digital Art, Drawing, Natural, Brushes","Illustration,Others","Apple, Windows, Android",Free,64761102ba22fed734b9de7a
smartsheet.svg,Smartsheet,https://www.smartsheet.com/,Work management platform combining spreadsheet interface with project management features.,スプレッドシートインターフェースとプロジェクト管理機能を組み合わせた作業管理プラットフォーム。,"Work Management, Spreadsheet, Project","NoCode,Productivity",Browser,Paid,64761102ba22fed734b9de7a
softr.svg,Softr,https://www.softr.io/,No-code platform for building web applications from Airtable databases.,Airtableデータベースからウェブアプリケーションを構築するためのコードなしプラットフォーム。,"NoCode, Web, Airtable, Database","NoCode,UI Design,Website",Browser,Freemium,64761102ba22fed734b9de7a
soundforge.svg,Sound Forge,https://www.magix.com/us/music/sound-forge/,Professional audio editing software with advanced waveform editing and mastering tools.,高度な波形編集とマスタリングツールを備えたプロ用オーディオ編集ソフトウェア。,"Audio, Editor, Waveform, Mastering",Audio,Windows,Paid,64761102ba22fed734b9de7a
squarespace.svg,Squarespace,https://www.squarespace.com/,Website builder with designer templates and integrated e-commerce functionality.,デザイナーテンプレートと統合されたeコマース機能を備えたウェブサイトビルダー。,"Website, Designer, Templates, E-commerce","NoCode,UI Design,Website",Browser,Paid,64761102ba22fed734b9de7a
stacker.svg,Stacker,https://www.stackerhq.com/,No-code platform for building custom applications from existing data sources.,既存のデータソースからカスタムアプリケーションを構築するためのコードなしプラットフォーム。,"NoCode, Custom, Data Sources","NoCode,App",Browser,Paid,64761102ba22fed734b9de7a
strikingly.svg,Strikingly,https://www.strikingly.com/,Website builder focused on creating simple and mobile-optimized one-page websites.,シンプルでモバイル最適化された1ページウェブサイトの作成に焦点を当てたウェブサイトビルダー。,"Website, Simple, Mobile, One-page","NoCode,UI Design,Website",Browser,Freemium,64761102ba22fed734b9de7a
studio.svg,Studio One,https://www.presonus.com/products/Studio-One,Digital audio workstation with integrated mastering suite and virtual instruments.,統合されたマスタリングスイートとバーチャル楽器を備えたデジタルオーディオワークステーション。,"Audio, Workstation, Mastering, Virtual",Audio,"Apple, Windows",Paid,64761102ba22fed734b9de7a
supabase.svg,Supabase,https://supabase.com/,Open-source Firebase alternative with PostgreSQL database and real-time features.,PostgreSQLデータベースとリアルタイム機能を備えたオープンソースのFirebase代替。,"Open-source, Database, Real-time","NoCode,App",Browser,Freemium,64761102ba22fed734b9de7a
thunkable.svg,Thunkable,https://thunkable.com/,No-code platform for building native mobile apps with drag-and-drop interface.,ドラッグアンドドロップインターフェースを備えたネイティブモバイルアプリを構築するためのコードなしプラットフォーム。,"NoCode, Native, Mobile, Drag-and-drop","NoCode,UI Design,App",Browser,Freemium,64761102ba22fed734b9de7a
tilda.svg,Tilda,https://tilda.cc/,Website builder with block-based design system for creating visually appealing sites.,視覚的に魅力的なサイトを作成するためのブロックベースのデザインシステムを備えたウェブサイトビルダー。,"Website, Block-based, Visual","NoCode,UI Design,Website",Browser,Freemium,64761102ba22fed734b9de7a
tooljet.svg,ToolJet,https://tooljet.io/,Open-source low-code platform for building internal tools and business applications.,内部ツールとビジネスアプリケーションを構築するためのオープンソースローコードプラットフォーム。,"Open-source, Low-code, Internal, Business","NoCode,Productivity",Browser,Free,64761102ba22fed734b9de7a
tracktion.svg,T7 DAW,https://www.tracktion.com/products/t7-daw,Free digital audio workstation with unlimited audio and MIDI tracks.,無制限のオーディオとMIDIトラックを備えた無料のデジタルオーディオワークステーション。,"Audio, Workstation, Unlimited, MIDI",Audio,"Apple, Windows, Linux",Free,64761102ba22fed734b9de7a
typeface.svg,Typeface,https://www.monotype.com/,Font management and design software for creating and organizing typefaces.,タイプフェースの作成と整理のためのフォント管理とデザインソフトウェア。,"Font, Management, Design, Typeface",Font,"Apple, Windows",Paid,64761102ba22fed734b9de7a
typeform.svg,Typeform,https://www.typeform.com/,Platform for creating interactive forms and surveys with engaging user experience.,魅力的なユーザーエクスペリエンスを備えたインタラクティブフォームとアンケートを作成するためのプラットフォーム。,"Interactive, Forms, Surveys, Experience","NoCode,UX Design,Productivity",Browser,Freemium,64761102ba22fed734b9de7a
uibakery.svg,UI Bakery,http://uibakery.io/,A no-code platform for designing and launching web applications.,ウェブアプリケーションの設計とローンチを行うためのノーコードプラットフォーム,"NoCode,Web App","NoCode,UI Design,App",Browser,Freemium,64761102ba22fed734b9de7a
uiflow.svg,Uiflow,http://uiflow.com/,A platform for designing and prototyping user interfaces.,ユーザーインターフェースの設計とプロトタイピングのためのプラットフォーム,"Prototype, UI","NoCode,UI Design,UX Design",Browser,Freemium,64761102ba22fed734b9de7a
unflow.svg,Unflow,http://unflow.io/,A tool for creating web designs without code.,コードなしでウェブデザインを作成するツール。,"Web, Code","NoCode,UI Design,Website",Browser,Freemium,64761102ba22fed734b9de7a
universe.svg,Universe,https://www.onuniverse.com/,Mobile website builder for creating websites directly on phones.,携帯電話で直接ウェブサイトを作成することができるモバイルウェブサイトビルダー。,"Mobile, Website","NoCode,UI Design,Website","Apple,Browser",Freemium,64761102ba22fed734b9de7a
unstack.svg,Unstack,https://www.unstack.com/,Marketing platform with website builder and CRM for lead management.,マーケティングプラットフォームには、ウェブサイトビルダーとリードマネジメントのためのCRMが含まれています。,"Marketing, Website builder, CRM","NoCode,UI Design,Website, Productivity ",Browser,Paid,64761102ba22fed734b9de7a
userguiding.svg,UserGuiding,https://userguiding.com/,A platform for creating user onboarding experiences for web applications.,Webアプリケーションのユーザーオンボーディング体験を作成するプラットフォーム。,"Onboarding, UX Design","NoCode,UX Design,Productivity",Browser,Paid,64761102ba22fed734b9de7a
utilize.svg,Utilize,https://www.utilize.app/,A platform for team collaboration and project management.,チームコラボレーションとプロジェクト管理のためのプラットフォーム,"Team, Collaboration, manager","NoCode,Productivity ",Browser,Paid,64761102ba22fed734b9de7a
versoly.svg,Versoly,https://www.versoly.com/,"Website builder for marketers and designers, focused on conversion.",マーケターとデザイナー向けのウェブサイトビルダーで、コンバージョンに焦点を当てています。,"Website, Marketer, Conversion","NoCode,UI Design,Website",Browser,Freemium,64761102ba22fed734b9de7a
vev.svg,Vev,https://www.vev.design/,Collaborative website design tool that simplifies creating interactive websites.,コラボレーションウェブサイトデザインツールは、インタラクティブウェブサイトを作成するプロセスを簡素化します。,"Website, Interactive, Collaborative","NoCode,UI Design,Productivity ",Browser,Freemium,64761102ba22fed734b9de7a
videoeditor.svg,Video Editor,https://www.movavi.com/videoeditor/,User-friendly video editing software with effects and transitions.,ユーザーフレンドリーな動画編集ソフトウェアで、エフェクト、トランジション、フィルターなどの多くの機能を備えています。,"Video Editor, Effect","Video, Image","Apple, Windows",Free,64761102ba22fed734b9de7a
voiceflow.svg,Voiceflow,https://www.voiceflow.com/,A no-code platform for building voice applications.,音声アプリケーションを構築するためのコードなしプラットフォーム。,"NoCode, Voice, App","NoCode,App",Browser,Freemium,64761102ba22fed734b9de7a
wavelab.svg,WaveLab,https://www.steinberg.net/wavelab/,Audio editing software,オーディオ編集ソフト,"Audio, Editor",Audio,"Windows, Apple",Paid,64761102ba22fed734b9de7a
wavepad.svg,WavePad,https://www.nch.com.au/wavepad/,Audio editing software for modern recording studios.,オーディオ編集ソフトウェアは、現代録音スタジオの標準です。,"Audio, Editor, Standard",Audio,"Windows, Apple",Freemium,64761102ba22fed734b9de7a
waveshop.svg,WaveShop,http://waveshop.sourceforge.net/,Free audio editor,無料のオーディオエディター,"Editor, Audio,  Sound",Audio,Windows,Free,64761102ba22fed734b9de7a
webflow.svg,Webflow,https://webflow.com/,A visual website builder for creating responsive websites.,レスポンシブウェブサイトを作成するためのビジュアルウェブサイトビルダー,"Website, Responsive, Visual","NoCode,UI Design,Website",Browser,Paid,64761102ba22fed734b9de7a
webfont.svg,Webfont,https://webfontapp.com/,Easily create and maintain custom SVG icon fonts,簡単にカスタムSVGアイコンフォントを作成して維持できます。,"Custom, SVG, Icon, Font","Icon,Font",Apple,Freemium,64761102ba22fed734b9de7a
weebly.svg,Weebly,https://www.weebly.com/,Website builder with drag-and-drop interface for various site types.,ドラッグアンドドロップインターフェースを備えた、さまざまなタイプのサイトに適したウェブサイトビルダー。,"Website, Interface, NoCode","NoCode,UI Design,Website",Browser,Freemium,64761102ba22fed734b9de7a
wix.svg,Wix,https://www.wix.com/,Website builder with drag-and-drop functionality for easy website creation.,ウェブサイトビルダーは、簡単なウェブサイト作成のためのドラッグアンドドロップ機能を提供しています。,"Website, Creation","NoCode,UI Design,Website",Browser,Freemium,64761102ba22fed734b9de7a
wized.svg,Wized,http://wized.com/,A platform for building and selling online courses.,オンラインコースのビルドと販売のためのプラットフォーム,"Selling,  courses","NoCode,Productivity",Browser,Freemium,64761102ba22fed734b9de7a
workiom.svg,Workiom,https://workiom.com/,A platform for creating custom business applications.,カスタムビジネスアプリケーションを作成するためのプラットフォーム,"Custom,  App","NoCode,UX design",Browser,Paid,64761102ba22fed734b9de7a
xnviewmp.svg,XnView MP,https://www.xnview.com/,Image viewer and organizer with basic editing and batch conversion features.,画像ビューアーと基本的な編集機能とバッチ変換を備えたオーガナイザー,"Image, Viewer, Organizer, Editor",Image,"Apple, Windows, Linux",Free,64761102ba22fed734b9de7a
xscope.svg,xScope,https://xscopeapp.com,Measure and test colors with precision.,色を測定し、検査し、テストします。,"Measure, Inspect, Test, Color",Color,Apple,Paid,64761102ba22fed734b9de7a
ycode.svg,Ycode,https://www.ycode.com/,Visual web development platform for building websites without code.,コードなしでウェブサイトを構築できる視覚的なウェブ開発プラットフォーム。,"Web Dev, Website, Code, Visual","NoCode,UI Design,Productivity ",Browser,Freemium,64761102ba22fed734b9de7a
zapier.svg,Zapier,https://zapier.com/,A platform for automating workflows between web applications.,Webアプリ間のワークフローを自動化するプラットフォーム,"Automating, Workflow, Web App","NoCode,App,UX Design",Browser,Freemium,64761102ba22fed734b9de7a
zendesk.svg,Zendesk,https://www.zendesk.com/,A platform for managing customer support and help desk tasks.,顧客サポートとヘルプデスクタスクを管理するためのプラットフォーム,"Task, Manager","NoCode,Productivity,Others",Browser,Paid,64761102ba22fed734b9de7a
zohocreator.svg,Zoho Creator,https://www.zoho.com/creator/,A no-code platform for building web and mobile applications.,ウェブやモバイルアプリを構築するためのコードなしプラットフォーム,"NoCode, Web, Mobile, App","NoCode,App,Website",Browser,Paid,64761102ba22fed734b9de7a
zonerphotostudio.svg,Zoner Photo Studio,https://www.zoner.com/photo-studio,Photo editing and management software with RAW processing capabilities.,統合的な写真編集と管理ソフトウェアをRAW処理能力を持つ,"Image, Editor, Manager, RAW",Image,Windows,Free,64761102ba22fed734b9de7a
